env,model,fold,auroc,auprc,logloss,brier,ece
demo,LR,0,0.5015432098765432,0.5288969931924934,0.7011178960872823,0.2539171431030431,0.08911608351313609
demo,LR,1,0.5679012345679012,0.5576960229690089,0.6827661131225284,0.24490021106366172,0.050717742955659444
demo,LR,2,0.6022544283413849,0.634693800126672,0.6711199177761064,0.23907354372199804,0.0959916670103515
demo,LR,3,0.6731078904991947,0.7067702374693988,0.6737977655504049,0.24044721482186523,0.1507884193997282
demo,LR,4,0.6666666666666666,0.5566855294195119,0.6625474388838499,0.2350970587528769,0.22115284772392452
demo,LR,5,0.5061728395061729,0.5322975952198927,0.6938618481983699,0.2502873901515666,0.09400248810167264
demo,LR,6,0.5370370370370371,0.5388654028932398,0.6955110148205557,0.2509193744838895,0.05134685187675368
demo,LR,7,0.4685990338164251,0.5331465366543997,0.6888433938917461,0.24789256685587258,0.07821730746182107
demo,LR,8,0.6409017713365539,0.5860392877832936,0.6701440513982044,0.23866199585769832,0.12773814157031937
demo,LR,9,0.5652173913043478,0.5859303547899529,0.6884914762471489,0.24736006539264221,0.07371826312624068
demo,LR,10,0.5416666666666667,0.5854343102946883,0.690247304558332,0.24828021327756947,0.13426461475268062
demo,LR,11,0.5092592592592593,0.5093432637040614,0.7051056544239199,0.2554158882656503,0.07983806117916836
demo,LR,12,0.4959742351046699,0.4511265621202646,0.6934264233511983,0.25042115484354016,0.11051945114398096
demo,LR,13,0.48953301127214177,0.5074626802300221,0.6921570828987434,0.24952517862122317,0.06724530825393361
demo,LR,14,0.4669887278582931,0.4267118730341455,0.695687726248975,0.25124636910451875,0.023025550069628132
demo,LR,15,0.45524691358024694,0.46228369970687416,0.7212619499690749,0.2631773964397048,0.13917322852085734
demo,LR,16,0.6743827160493827,0.6967713430904601,0.6387511408798057,0.2237670782707423,0.10889055385163736
demo,LR,17,0.5942028985507246,0.5776590546904361,0.6817462187467009,0.2443496594380934,0.007867001137062433
demo,LR,18,0.48953301127214166,0.5509237329060552,0.7081717792387763,0.25719958354580524,0.16612543617445363
demo,LR,19,0.36714975845410625,0.40625775419440435,0.69507256892988,0.25099375506919763,0.0921109531260498
demo,LR,20,0.5601851851851851,0.5477506031132338,0.6856545896404821,0.24665660503177403,0.14902196300595025
demo,LR,21,0.6604938271604938,0.5983929649274823,0.668579012825835,0.23785508863454688,0.09455613460714214
demo,LR,22,0.5104669887278583,0.5183478570290629,0.6933360607412911,0.25023622237634685,0.16389969667108037
demo,LR,23,0.6682769726247987,0.6421102681135004,0.6611922030248691,0.23406494135117373,0.10619285849660359
demo,LR,24,0.499194847020934,0.4337847487982317,0.6961948065282368,0.25153241110240243,0.12466855091483676
demo,LR,25,0.6743827160493827,0.6173991049364694,0.6689003500552186,0.2381039240361864,0.0845973029469747
demo,LR,26,0.6280864197530864,0.5464153091305967,0.6820256469981538,0.2444738344529678,0.10717032009825436
demo,LR,27,0.6183574879227053,0.6363254058530411,0.6645800453840353,0.23615813626581783,0.04391621457761543
demo,LR,28,0.6215780998389694,0.6390722058925391,0.668925584589785,0.23808527961869072,0.03614009638562815
demo,LR,29,0.4363929146537842,0.44211940402428035,0.725743693239495,0.2659385967862863,0.2179936429242231
demo,LR,30,0.5802469135802469,0.5621403105678906,0.6842602229977037,0.24557817937460413,0.11840347844793916
demo,LR,31,0.5941358024691358,0.5901958974387835,0.679335016166308,0.24309647986656394,0.08439166498560105
demo,LR,32,0.2640901771336554,0.3410583288974748,0.7034995016569416,0.2551665949538635,0.25685041881411697
demo,LR,33,0.5619967793880838,0.5223009541361783,0.6812189976111251,0.24443906444678037,0.09582429238820647
demo,LR,34,0.6489533011272142,0.6787566344855559,0.6609740493706261,0.23404608908575747,0.11171919201498137
demo,LR,35,0.6496913580246914,0.6620260360776363,0.6673479128175215,0.23728387908983664,0.06720391480486958
demo,LR,36,0.44907407407407407,0.4995289226294499,0.7266498520430494,0.2660127907215887,0.1613179684762655
demo,LR,37,0.5861513687600645,0.5598001579828542,0.6778159941888151,0.24247169740813995,0.08834260098700591
demo,LR,38,0.44927536231884063,0.46476487953895784,0.7057819600758299,0.25611897166188136,0.08698884243393436
demo,LR,39,0.5942028985507247,0.5102254029788686,0.6811503467353694,0.24411077229620465,0.031302237548148384
demo,LR,40,0.5262345679012346,0.4987263529263375,0.6896433825111068,0.24828898189480333,0.04079702500266034
demo,LR,41,0.5509259259259259,0.5078676002778924,0.6908779618340863,0.24881089159008485,0.09953630824543974
demo,LR,42,0.6409017713365539,0.6323514299618967,0.6669110092239248,0.23709808292732962,0.04564984825307264
demo,LR,43,0.5668276972624798,0.5625818349990627,0.6845678380413716,0.2456013022998198,0.07476393735982469
demo,LR,44,0.5394524959742352,0.5746516403382287,0.6870650462160577,0.2472057507609911,0.12914077759362602
demo,LR,45,0.49074074074074076,0.481483630424465,0.7058072140464585,0.25640332613179945,0.08220143591931679
demo,LR,46,0.5216049382716049,0.4956556309509956,0.69169723433208,0.2492725173981917,0.016028158941194706
demo,LR,47,0.6747181964573269,0.6899183868597417,0.6649963917134084,0.23608427482376285,0.11894149588624599
demo,LR,48,0.6537842190016103,0.638239697403866,0.6685061516191646,0.2378568472215409,0.06808042420031146
demo,LR,49,0.42028985507246375,0.4467651562345609,0.7321097308773068,0.2683036112810709,0.23770657043418097
demo,RF,0,0.7608024691358024,0.7568954886821745,0.6168659426527459,0.21308547809743955,0.10418003487834364
demo,RF,1,0.677469135802469,0.577171779072317,0.6321577360258344,0.21866861435329987,0.21994411154072074
demo,RF,2,0.7729468599033816,0.7610992680168209,0.5954507898258479,0.20357442999278985,0.1635296616575066
demo,RF,3,0.8325281803542673,0.83404695799086,0.6005239607766911,0.20460167751922895,0.19758695818529295
demo,RF,4,0.6859903381642511,0.6941965461954267,0.637908032357265,0.2226223089826616,0.11949099386361005
demo,RF,5,0.787037037037037,0.8331679380123567,0.5974947628702613,0.2030128258203469,0.19734465557606062
demo,RF,6,0.6666666666666667,0.6858347444207077,0.6547556656781706,0.2305799984720069,0.14327896177215171
demo,RF,7,0.7713365539452497,0.7177849835927463,0.6276713024863058,0.2180418717591425,0.14885820542366307
demo,RF,8,0.6022544283413849,0.6140287157646087,0.7000036960944871,0.25109880118078964,0.21615588781245088
demo,RF,9,0.8470209339774557,0.8537425788948072,0.5721391071760853,0.1911784993768552,0.21477210735291508
demo,RF,10,0.6280864197530864,0.5416223579367789,0.6657482182991473,0.23392649675950122,0.22482853709330947
demo,RF,11,0.6666666666666667,0.6182254474655302,0.6497596696032696,0.22974548039182804,0.21694029573629614
demo,RF,12,0.8148148148148149,0.7767410002719208,0.6048603391789288,0.20662812089750987,0.22714870708935325
demo,RF,13,0.7520128824476651,0.7747030558341443,0.6120816136010595,0.20962726510639185,0.1878267948297496
demo,RF,14,0.8438003220611916,0.799816415565763,0.6096791825078077,0.20895636454115427,0.23960392842104627
demo,RF,15,0.6913580246913581,0.6664318967398208,0.6444532927096925,0.2257630609760979,0.09138625035007399
demo,RF,16,0.7916666666666667,0.706381840051687,0.5717526183618032,0.1906403662148338,0.14219459593036168
demo,RF,17,0.7294685990338164,0.7006710622971766,0.6360189575327411,0.22175327467554007,0.1609825978557524
demo,RF,18,0.7053140096618357,0.6299427681923312,0.6322687660924883,0.21918711238264127,0.16749593916288213
demo,RF,19,0.6859903381642511,0.6559175091070324,0.6388425814808104,0.2235049367504747,0.06732156384410308
demo,RF,20,0.8055555555555556,0.7858128097707879,0.6113266245065374,0.20996980583827488,0.1859659683033973
demo,RF,21,0.7716049382716049,0.7592209240566873,0.6043729762127205,0.20722781815665134,0.12117016576559231
demo,RF,22,0.5990338164251208,0.5425575912351149,0.7048849493477749,0.252165373035781,0.15558889083558797
demo,RF,23,0.7842190016103059,0.735555504093701,0.5994819604697595,0.20425247401550362,0.1978944784945978
demo,RF,24,0.855072463768116,0.7638232716337962,0.5926829531237815,0.2007499578050982,0.25657711543877976
demo,RF,25,0.7685185185185186,0.7632710284177959,0.6035158786338621,0.20626516832482525,0.13695932299711666
demo,RF,26,0.7391975308641976,0.6771672215202351,0.6271593736117715,0.21813019288064447,0.10426105971591676
demo,RF,27,0.6473429951690821,0.6291922389156275,0.6574449394627253,0.23184810932830577,0.15245833584156127
demo,RF,28,0.7359098228663447,0.7054524905765265,0.6165967910811166,0.212577250841175,0.125910181142562
demo,RF,29,0.7278582930756844,0.6390425628812277,0.6290517413126206,0.21886353274572698,0.12190183588824598
demo,RF,30,0.6604938271604939,0.5725558270321343,0.6511366712502746,0.22829185469570837,0.161310177055989
demo,RF,31,0.7052469135802469,0.6988238097037549,0.6353874230032497,0.22125718859860002,0.10859697602153748
demo,RF,32,0.7423510466988728,0.7492009358812544,0.6358839475407271,0.22166352201172068,0.13815291169531765
demo,RF,33,0.6634460547504026,0.6738000451334176,0.6515961951083977,0.23068241126099942,0.20480533513411417
demo,RF,34,0.7439613526570048,0.6623334944162432,0.617668035606575,0.2139019977772834,0.13528494455582485
demo,RF,35,0.7469135802469136,0.7147756343234101,0.6094166364731696,0.2101185639639605,0.1388427295937944
demo,RF,36,0.6635802469135803,0.6541038328824564,0.671790470003828,0.23487305432752115,0.2558219147952062
demo,RF,37,0.7310789049919485,0.7445838600065053,0.6217775365643293,0.21465854255415023,0.12375164583843004
demo,RF,38,0.7471819645732689,0.6913420726334252,0.6308255803368026,0.21942835362460816,0.1262330894395538
demo,RF,39,0.855072463768116,0.7934647445562575,0.5878887619995526,0.19871897800258886,0.21300154191400505
demo,RF,40,0.6234567901234568,0.5891979164304049,0.6809530240572401,0.2424523898054691,0.12937586437649848
demo,RF,41,0.8055555555555556,0.7540868208218057,0.6094017213667854,0.20948811058255282,0.19176642007025593
demo,RF,42,0.7777777777777777,0.6823562037905649,0.5959100047912913,0.20303238318281935,0.18238533498044168
demo,RF,43,0.6199677938808373,0.5665919611414248,0.6768303287070458,0.24025325066603131,0.1610454886237219
demo,RF,44,0.6553945249597424,0.6659762824636731,0.6453851928253403,0.22656466071912218,0.06451771174215723
demo,RF,45,0.5817901234567902,0.5099415762004014,0.7124511780354951,0.2572540186790986,0.21246371688811952
demo,RF,46,0.7654320987654322,0.6825570089061146,0.6173604021363164,0.21323029106376762,0.14933643457918605
demo,RF,47,0.8228663446054749,0.8336408587019228,0.600187177521764,0.20451271497061124,0.16428180681329202
demo,RF,48,0.7262479871175523,0.7478563604761759,0.6143618243638265,0.21096081458976276,0.14835626930726392
demo,RF,49,0.6747181964573269,0.6194409266483974,0.6561812401122339,0.23183520153012982,0.1707779536318023
demo,ET,0,0.5895061728395062,0.5859699846627151,0.6789053336170076,0.2429987906210087,0.07887616671814046
demo,ET,1,0.5416666666666667,0.5201244769442862,0.6890258276472073,0.24768570945290908,0.11003461886910919
demo,ET,2,0.6602254428341385,0.6536292353196762,0.6564912851833742,0.23196545417881612,0.10605378652414435
demo,ET,3,0.7584541062801932,0.7524458856465417,0.6626364581283262,0.23486372924286558,0.16947697434569114
demo,ET,4,0.5990338164251208,0.5727281502221143,0.6779557331713151,0.2422818201420694,0.09939162061259113
demo,ET,5,0.6481481481481481,0.6474892176154452,0.6620600784150917,0.23466736217836032,0.05760678223820133
demo,ET,6,0.5833333333333334,0.5779535838228755,0.6801163604586657,0.24361767245464697,0.0749772311176619
demo,ET,7,0.6553945249597424,0.5852987675320274,0.6727951662179578,0.2399128872677222,0.11065696223815402
demo,ET,8,0.5475040257648953,0.4879997006639714,0.6919734555967159,0.24932815824654286,0.11633221635898577
demo,ET,9,0.7020933977455717,0.6942517761346756,0.6457600594623092,0.22665713131970514,0.08588109188192407
demo,ET,10,0.5200617283950617,0.5414083714316292,0.7093787638432323,0.25770766243178095,0.11402732687539627
demo,ET,11,0.5416666666666666,0.5353937468420743,0.6921334524097505,0.24959091714284778,0.08028929952945549
demo,ET,12,0.6054750402576489,0.5656710904960865,0.6788021084790601,0.24289393869347387,0.12422673121256882
demo,ET,13,0.571658615136876,0.5286355498781024,0.6895833731515892,0.24814679288445052,0.08468823205243886
demo,ET,14,0.7262479871175523,0.6906086739414283,0.6706292782412304,0.23881576787518544,0.08727460552189964
demo,ET,15,0.513888888888889,0.5087024426610068,0.7018261142325494,0.2540862383560477,0.0856632534401656
demo,ET,16,0.7299382716049383,0.6570894774204493,0.6277094166540166,0.21788255696446165,0.13986485350166913
demo,ET,17,0.6006441223832528,0.5813377616537198,0.6773251754091315,0.24209201822322668,0.054045342037264216
demo,ET,18,0.5764895330112721,0.5028589473407206,0.6831873772084295,0.24501729206067288,0.0997688110071692
demo,ET,19,0.605475040257649,0.5899334769536597,0.6750815587387554,0.24109073258272798,0.14204043249152448
demo,ET,20,0.6651234567901235,0.6758611501511905,0.6690904830590385,0.23811277695683608,0.08836835124011072
demo,ET,21,0.6188271604938271,0.583590942983254,0.6693629839015676,0.23838383780208838,0.04718046962128751
demo,ET,22,0.4492753623188406,0.5109317332565042,0.720937118089706,0.26329693184716385,0.1550430616196802
demo,ET,23,0.6843800322061191,0.6558938091318445,0.6612600561130931,0.23417319923416127,0.1365963744905533
demo,ET,24,0.7342995169082125,0.6745410603534387,0.666889884265129,0.23701265150126782,0.07173753287251398
demo,ET,25,0.5570987654320988,0.5946844360525732,0.6873737271109192,0.2470562327211303,0.052294174648297775
demo,ET,26,0.6496913580246914,0.5973437482488331,0.6584751351559064,0.23315083020836566,0.1607332748706843
demo,ET,27,0.6553945249597424,0.6491138297600951,0.6606227879548884,0.23375357423031687,0.14520926735119727
demo,ET,28,0.5877616747181965,0.5844091988079707,0.6792641454232126,0.24312723477513473,0.08335929636331213
demo,ET,29,0.5056360708534622,0.48845006802381447,0.6975878673528834,0.2521918453705242,0.09546453290013858
demo,ET,30,0.5987654320987654,0.5447082775487672,0.6794764265356822,0.24322996162945065,0.08994643269126852
demo,ET,31,0.537037037037037,0.5678119572245527,0.6900235549263962,0.24831989708034755,0.05770376011382354
demo,ET,32,0.5652173913043479,0.5259524947106584,0.6878916807111949,0.24738667490707114,0.010258270095550345
demo,ET,33,0.6151368760064412,0.6486938333484895,0.6709564243322794,0.23886490295286475,0.1859669559830143
demo,ET,34,0.6151368760064413,0.5520873369596183,0.672967458699799,0.2401372884961595,0.1254584613490012
demo,ET,35,0.6867283950617284,0.6408172675194296,0.6541916661726906,0.23097407798892236,0.13319595761270142
demo,ET,36,0.45833333333333337,0.48188296101781586,0.7376578292301615,0.26996380919594076,0.17581851072234933
demo,ET,37,0.6360708534621579,0.6316232606715249,0.6667563466850978,0.23676727865628297,0.12454183151275243
demo,ET,38,0.500805152979066,0.45928859393313864,0.6965128238753471,0.25159463328955917,0.04038388578749241
demo,ET,39,0.711755233494364,0.6552853857651436,0.6558583548174846,0.23162151003737963,0.07518096574381089
demo,ET,40,0.5231481481481483,0.49937450818591506,0.6984027468475219,0.25239993678584016,0.06685270055348522
demo,ET,41,0.5817901234567902,0.5966133506903858,0.6830792136907915,0.24503495986809132,0.0447935344583818
demo,ET,42,0.6521739130434783,0.620900859926977,0.6647611967724264,0.23579175925246085,0.11056718081309605
demo,ET,43,0.4653784219001611,0.42727920730241964,0.7266699685029597,0.26626117694860174,0.14962628009054887
demo,ET,44,0.6006441223832528,0.5948405451801974,0.6736000819746657,0.2402340484451858,0.0651732778623706
demo,ET,45,0.43827160493827166,0.4411213303425699,0.7411688400837776,0.2722418619459579,0.1654229358101155
demo,ET,46,0.6574074074074074,0.5781449266684838,0.662683661615346,0.23514353342995128,0.13502275514999817
demo,ET,47,0.5587761674718196,0.5733646554240995,0.6824144306253266,0.24466883092128028,0.02433732648690884
demo,ET,48,0.5507246376811594,0.5342511230754414,0.6868135886431002,0.24691109978818093,0.10747303772399962
demo,ET,49,0.4347826086956522,0.4316647482812106,0.7298458812007966,0.267633029077251,0.09628323905964889
demo,HGB,0,0.8271604938271604,0.8406214992895163,0.605670416208714,0.20740064038868333,0.15213090511605862
demo,HGB,1,0.6790123456790123,0.5915880550898304,0.6414140241683451,0.22392498790694387,0.16312257814165218
demo,HGB,2,0.7407407407407406,0.7693889484622711,0.6053597285169527,0.20794486571987916,0.1401432689964225
demo,HGB,3,0.7552334943639292,0.7639872332327264,0.6056803551203418,0.20764996378957704,0.1681962865472774
demo,HGB,4,0.7181964573268921,0.7476381296003449,0.6139304684212799,0.21223712201951805,0.13637693811997292
demo,HGB,5,0.8194444444444445,0.8586388366675445,0.6135140372046916,0.2102279399096288,0.2117393884314241
demo,HGB,6,0.6882716049382717,0.6351617339685529,0.64520668984084,0.2269278122704532,0.16508563934184084
demo,HGB,7,0.8051529790660225,0.7614219201128609,0.6125018733554498,0.2106470754038211,0.18150566080790556
demo,HGB,8,0.5958132045088568,0.5853019487389725,0.7078772286178995,0.2520914881376468,0.18534207354875548
demo,HGB,9,0.8373590982286634,0.8190733214423689,0.5691070860939299,0.190322606392696,0.16542165328234207
demo,HGB,10,0.654320987654321,0.5479285628445968,0.6671635385981368,0.23436410742217556,0.18688888238652074
demo,HGB,11,0.6234567901234568,0.6090062069858732,0.669694400219695,0.23970075449800904,0.21269254157074374
demo,HGB,12,0.8180354267310789,0.7889008487366928,0.6159935968961788,0.21205201375714147,0.2244872419271448
demo,HGB,13,0.7520128824476651,0.789630053190234,0.6137132947435852,0.21032771557463853,0.204706044163171
demo,HGB,14,0.8631239935587762,0.8348690318748535,0.5858169023679486,0.19767972513248314,0.19965098086006633
demo,HGB,15,0.6898148148148148,0.6286800741128962,0.6498497559669363,0.22856431538868147,0.19610101628631924
demo,HGB,16,0.7623456790123456,0.7778394797111045,0.5874768098640434,0.19890327745726197,0.19413883933721796
demo,HGB,17,0.7439613526570049,0.7108552714848664,0.6307826613597484,0.21936733098798178,0.15049654856936925
demo,HGB,18,0.7230273752012882,0.6605542063533099,0.6289875199268579,0.21862212821791455,0.16149786925858647
demo,HGB,19,0.711755233494364,0.6712953866371612,0.6368030619583847,0.22107821941930988,0.14192016711914548
demo,HGB,20,0.816358024691358,0.8384288920144183,0.6346726929038831,0.2211292105919405,0.21038247946734484
demo,HGB,21,0.8132716049382716,0.828055842737653,0.5943105216509983,0.20214732275088826,0.15186524472442048
demo,HGB,22,0.6457326892109501,0.6026104958435357,0.6620684561524457,0.23401291945012084,0.15579147803101281
demo,HGB,23,0.7584541062801932,0.7524963215886649,0.6005006684552279,0.20528240460809513,0.12211666071248407
demo,HGB,24,0.8276972624798711,0.7984032502933367,0.6136367993151068,0.21119826837269146,0.17048847853455465
demo,HGB,25,0.7376543209876544,0.7322167461453353,0.6147560404556142,0.2123303596032478,0.14713134315129817
demo,HGB,26,0.7345679012345678,0.6406927295502999,0.6303059781381816,0.21935354385690883,0.15725162543556412
demo,HGB,27,0.6698872785829308,0.6832767231985479,0.6458728223430359,0.22557625681096957,0.13858654311182964
demo,HGB,28,0.7085346215780998,0.6993228524997965,0.6309990853437233,0.22011524024587245,0.12894614140645386
demo,HGB,29,0.7713365539452496,0.6937177730265242,0.6086251314413063,0.20956396860703438,0.228502633554021
demo,HGB,30,0.6774691358024691,0.5926475627118377,0.6536026537685935,0.22950707484968053,0.22404936093674277
demo,HGB,31,0.712962962962963,0.6749887386526765,0.6344148642917571,0.2214125937636873,0.11984758871734699
demo,HGB,32,0.7552334943639293,0.774186915615895,0.6319310246882232,0.21993247108479377,0.12577381483971192
demo,HGB,33,0.6376811594202899,0.6744738164607713,0.6581368953766306,0.2337817961212593,0.11458720423103269
demo,HGB,34,0.7504025764895331,0.6795929606253354,0.6131320416275104,0.21127896679895442,0.1292315950084993
demo,HGB,35,0.7114197530864197,0.6928593623309998,0.6481913316669288,0.22802969711149587,0.056507930334812245
demo,HGB,36,0.6496913580246914,0.6193636060143629,0.6744664452687331,0.23752963225212348,0.18795330149468473
demo,HGB,37,0.7761674718196457,0.7575326425167445,0.6036399560733077,0.20601088796674843,0.2247680395695395
demo,HGB,38,0.7938808373590982,0.7781533512503227,0.6129637556567313,0.21069868909752387,0.16169808934049273
demo,HGB,39,0.7842190016103059,0.7071666350903307,0.5983124888550145,0.20430283782046757,0.1456109138047666
demo,HGB,40,0.6111111111111112,0.615069816969037,0.6689123245879223,0.23858481527981815,0.10504268169975836
demo,HGB,41,0.7685185185185185,0.7673919402635535,0.6272791236929445,0.21781749789656019,0.11710862214149721
demo,HGB,42,0.7568438003220611,0.7196159626988811,0.6007921437406794,0.20532843578002205,0.1360763559232343
demo,HGB,43,0.6988727858293076,0.7035937516288311,0.633269298973629,0.21998850031019054,0.1784051146112033
demo,HGB,44,0.6892109500805152,0.6662825336382332,0.6354004234651449,0.22193807123057482,0.0847307583034539
demo,HGB,45,0.6327160493827161,0.5419228870530568,0.6727179153474422,0.23961193840734185,0.10747756662014601
demo,HGB,46,0.7484567901234568,0.6893236674867613,0.6376688532684265,0.22288868538620002,0.15617508751518833
demo,HGB,47,0.7793880837359098,0.7781190560252826,0.6086215504220239,0.20885216725902342,0.11224162910038077
demo,HGB,48,0.7552334943639292,0.7754916939975968,0.5954071847590757,0.20239027392807052,0.16172332532484313
demo,HGB,49,0.5764895330112721,0.5302831955800377,0.6852623691605388,0.2456426706551842,0.1815942385646904
demo,MLP,0,0.5246913580246914,0.6147122607537144,0.6893322069542569,0.24808405406106301,0.1254620023249502
demo,MLP,1,0.5617283950617284,0.5297186030573997,0.687602122758772,0.247201259142188,0.05561270906469373
demo,MLP,2,0.44605475040257647,0.4511550240337384,0.7005929892852378,0.25371597454779193,0.16278143003828563
demo,MLP,3,0.6360708534621577,0.589534717611012,0.6846886602848155,0.24576984007316083,0.165627228906609
demo,MLP,4,0.5394524959742352,0.4962281436903646,0.6911847266725889,0.2489881735245058,0.10533002807397737
demo,MLP,5,0.5030864197530864,0.5227858255165092,0.6900968652770032,0.24849348659172538,0.045385272926460246
demo,MLP,6,0.5385802469135803,0.5815605593665757,0.6841037904480045,0.24553187854400135,0.021916415697824543
demo,MLP,7,0.6296296296296297,0.5985708636188052,0.6749920108968966,0.2409929579778495,0.0622341405198733
demo,MLP,8,0.5120772946859904,0.502722531098596,0.6890005766107753,0.2480259224891268,0.12315246413461459
demo,MLP,9,0.4605475040257649,0.4449830289058979,0.7062938301469128,0.25636956220439644,0.08996616874751509
demo,MLP,10,0.5308641975308642,0.5502161652786605,0.6936292930393592,0.25011363819707944,0.04501360984995899
demo,MLP,11,0.5339506172839507,0.5439493352474077,0.6953429167354037,0.25073821276073843,0.13732074275333475
demo,MLP,12,0.5539452495974235,0.5467941566179961,0.6781923413404016,0.24273621107543522,0.04416718969705073
demo,MLP,13,0.644122383252818,0.5616190127329335,0.687110284281972,0.24699144265837916,0.09870651934020568
demo,MLP,14,0.5523349436392915,0.48544684629896806,0.6913347657124264,0.24908699442005947,0.06320408178783957
demo,MLP,15,0.5540123456790124,0.5439280552305971,0.6859206009518218,0.24642563051138608,0.062346615208758636
demo,MLP,16,0.470679012345679,0.5463072696161322,0.6922697919045493,0.24955599453674499,0.060207410806023834
demo,MLP,17,0.6231884057971014,0.5861628384551486,0.6844830983369183,0.2456867338660431,0.08651815851743704
demo,MLP,18,0.37681159420289856,0.43080622027027504,0.7058826237651061,0.25620044632842925,0.18493148564696762
demo,MLP,19,0.5265700483091788,0.49465273899804585,0.6929843947328252,0.24974113497717543,0.1152833884757539
demo,MLP,20,0.5308641975308642,0.496883636238537,0.687253294626588,0.24713394829910684,0.0265370172569388
demo,MLP,21,0.6450617283950617,0.6838525529938387,0.6811049104757939,0.2439761916040076,0.1017419920510132
demo,MLP,22,0.6103059581320451,0.5601531240700237,0.6817482313137516,0.24433369952364958,0.11288478198159434
demo,MLP,23,0.6650563607085346,0.6707235220008881,0.6554903680962246,0.23185737880579446,0.10421985315869793
demo,MLP,24,0.7198067632850241,0.6859156950086618,0.6645175484225034,0.23578570276552466,0.19995099232049493
demo,MLP,25,0.4382716049382716,0.45156160100879933,0.6970217015907495,0.2519492291490812,0.14756190086169568
demo,MLP,26,0.47067901234567905,0.4608701376639825,0.6972092246585154,0.25198633816756033,0.038105774797241546
demo,MLP,27,0.4975845410628019,0.5012953798730966,0.6969995396860077,0.2517952040136531,0.09117940701650179
demo,MLP,28,0.6859903381642511,0.6265486690436666,0.6733975170165565,0.2402052104133475,0.15123425746346328
demo,MLP,29,0.6457326892109501,0.6223240574835015,0.6755159296269264,0.241301121320634,0.07550165076766316
demo,MLP,30,0.46759259259259267,0.5229611509370169,0.6931524858451508,0.24999139373568466,0.0362459915908808
demo,MLP,31,0.5478395061728395,0.5860952576259969,0.6858674678264673,0.24635811709745972,0.06710917377069364
demo,MLP,32,0.5909822866344605,0.6094418967378007,0.6821761080647453,0.24452848511088432,0.02897941663724559
demo,MLP,33,0.5249597423510467,0.5309499220541456,0.6937126811878449,0.250206692584127,0.06781234172111142
demo,MLP,34,0.5426731078904993,0.5017653459281234,0.6895423129813446,0.248202321167674,0.04125941966137475
demo,MLP,35,0.5447530864197531,0.5962107546583858,0.6899217217038252,0.24834718026420352,0.03984822754350405
demo,MLP,36,0.5246913580246914,0.567480137533709,0.6867571391589008,0.24684792341838863,0.09987229619981045
demo,MLP,37,0.5185185185185185,0.47724821306723925,0.692347933264391,0.24958577770885296,0.010285238142238244
demo,MLP,38,0.5297906602254429,0.5659612950329186,0.6882759253283772,0.24752343566969937,0.04151846568396026
demo,MLP,39,0.5877616747181965,0.5947913853944917,0.6881733356254394,0.24751755901714823,0.07155755538754419
demo,MLP,40,0.5925925925925926,0.5914727735698776,0.6825767671315693,0.24474669062706525,0.05403132401732194
demo,MLP,41,0.5725308641975309,0.5257671925133147,0.6838069729168903,0.24539836749607624,0.04217174965054827
demo,MLP,42,0.608695652173913,0.5979283714641542,0.688679175387461,0.24777103213212123,0.08870003446556074
demo,MLP,43,0.43961352657004826,0.4240762346816842,0.7085758948070046,0.2575601657300404,0.08619784500219137
demo,MLP,44,0.5603864734299517,0.5370375504924306,0.6850642963294823,0.24606522561807964,0.08718745914077262
demo,MLP,45,0.4182098765432099,0.4319758108330926,0.7129481090496664,0.25973386085693856,0.08439369638796343
demo,MLP,46,0.7469135802469136,0.7286090047101524,0.6410152590587351,0.22443305300690536,0.17277305905524123
demo,MLP,47,0.42673107890499185,0.48153429656324886,0.7092288974337229,0.2577852791496461,0.11566040094536899
demo,MLP,48,0.6682769726247987,0.6685342791202904,0.6725512195318999,0.23981004502723136,0.1030067337007058
demo,MLP,49,0.4718196457326892,0.42751464649163273,0.6911060479388802,0.24899977162103581,0.12327709146456961
full,LR,0,1.0,1.0,0.00206118612061275,0.0001412720322970716,0.0019806151150716725
full,LR,1,0.9931039790656507,0.9460916953110122,0.012239184638046382,0.0020258928776056354,0.0013589606148070388
full,LR,2,0.9955411888452756,0.9869793227449807,0.004670886809833322,0.0004908953391807305,0.0015742893056294217
full,LR,3,1.0,1.0,0.002051780439550947,0.00015950109929869182,0.0019542522547347967
full,LR,4,0.9998127227081309,0.992499628949138,0.005825808379412104,0.0013832945707000432,0.001973638207224347
full,LR,5,1.0,1.0,0.002462411015533087,0.0002332370554368958,0.002321541914796258
full,LR,6,0.995561712717104,0.9613472085873672,0.007785287587238215,0.0013185341441739244,0.000967006276557367
full,LR,7,1.0,1.0,0.0028004335361809032,0.0002920683349932405,0.002629416064899
full,LR,8,0.9980310576611597,0.9815854580138489,0.007395453934880958,0.0013870175951548997,0.0013521232915520314
full,LR,9,0.9935617103984451,0.9696458397921208,0.00881232135698069,0.001437995646127823,0.0004883295680582535
full,LR,10,0.9945405788301964,0.9651335072003837,0.007890676299446779,0.001097344777553263,0.0005230757559476214
full,LR,11,0.9972651940788629,0.9751624072799874,0.008041458658100699,0.0015799374523876605,0.001794285716872698
full,LR,12,0.9959721901536724,0.9866868725630161,0.0052227185080432875,0.000734127166941051,0.0016250113997606165
full,LR,13,0.9998683997408487,0.9953275015353158,0.0051415774375350295,0.0010445958184265964,0.0015370137649190093
full,LR,14,0.9997874149659863,0.9898205138040329,0.0048788318246418385,0.001013028541386525,0.0017879630939993429
full,LR,15,0.9997217162517709,0.9808416568679182,0.004194618496610387,0.000538081823453697,0.0018534460736678363
full,LR,16,0.9998614638651582,0.994064858206739,0.004153740569601221,0.0008253717952446643,0.0017335422144712114
full,LR,17,0.9999230354806434,0.9967878319547662,0.003938912975195837,0.0007619151237958379,0.0023444850614856203
full,LR,18,0.9962190233236151,0.986946581931257,0.005324579658542707,0.0007915070287768312,0.0017496024072497316
full,LR,19,0.986450234855847,0.9640234364794716,0.011858404327757961,0.0017925396886624625,0.002522024615786064
full,LR,20,0.999959522363894,0.998399537991447,0.0028244372195785497,0.00041296892746526403,0.0017395115654798893
full,LR,21,0.987069960748095,0.9597501102117504,0.011467286295762049,0.0015469981246243709,0.0019626530352000013
full,LR,22,0.9986967341388953,0.9602191682413561,0.007353649032389576,0.0013322829974236857,0.0012999997666181921
full,LR,23,1.0,1.0,0.0021676239717694657,0.00021547612979459348,0.0020117928624438933
full,LR,24,0.9998329689018465,0.9927475121995138,0.004688089305491417,0.0009497627672522584,0.0019871240948992606
full,LR,25,0.9955322809147946,0.98637441549083,0.00536359170094439,0.0007762140186808699,0.0013328501184229975
full,LR,26,0.9999230354806434,0.9967352543783541,0.0033285202676675103,0.0005752851145342787,0.0018884434133318326
full,LR,27,0.9998306780574155,0.9937539247646826,0.004935901900796298,0.0010227144872273863,0.0010264246017558474
full,LR,28,0.99477648202138,0.9592937380474476,0.00795865434592355,0.0012043833694445156,0.0010370053900765387
full,LR,29,0.9949991901522514,0.9761387784061123,0.007133905915223267,0.0008755072844799078,0.001337489272715261
full,LR,30,0.9937107872900224,0.9852523435818719,0.005591249086570645,0.0008042781265378336,0.0010264302555770882
full,LR,31,0.9999589522563431,0.9983796759737475,0.0035245729446665404,0.0006494490978058116,0.002071236245291269
full,LR,32,0.9982965186382411,0.9786599583495421,0.007139777998941746,0.0011974430724908715,0.0010511773639570537
full,LR,33,0.9988712747003563,0.9683191906543084,0.007040377833066139,0.001241690976027219,0.0010931401172305875
full,LR,34,0.9965125931324911,0.9874251715578917,0.0045092188117259804,0.0005686739429944036,0.001417153518131494
full,LR,35,0.9953551912568306,0.9855055625796856,0.0054465044722155995,0.0007728685364831108,0.0012466634214722359
full,LR,36,0.9957874753072167,0.9757633469342728,0.007854326794134654,0.0012085074663128748,0.0017846180247414337
full,LR,37,0.9997126657944021,0.9791537864740814,0.004048482219454239,0.0005489987937183242,0.001724690700340827
full,LR,38,0.9997013686426952,0.9877624027119379,0.0062936531636908245,0.0013505147388950328,0.0011355009457666716
full,LR,39,0.9945689585357953,0.986984473556526,0.005076610647701221,0.0006403561501972652,0.0015159942494683844
full,LR,40,0.9966201173851448,0.9872713898494796,0.0053113750065848795,0.0007451557214550381,0.0020728205253150583
full,LR,41,0.998337566381898,0.9697998472210884,0.0059447082935878024,0.0008318908881283296,0.0010962764319615349
full,LR,42,0.9976654095795171,0.9798670664104803,0.007629147533664033,0.0013792969861597686,0.0016693118689603606
full,LR,43,0.9975147797214123,0.9784943567371511,0.0072578685038965605,0.0014584678336441088,0.0013727488655068925
full,LR,44,1.0,1.0,0.0019012742390853198,9.992465472029411e-05,0.0018464027286319111
full,LR,45,0.9942471159684274,0.9524561699501456,0.009618756716000229,0.0014722336790180196,0.0009099500967699323
full,LR,46,0.995017830113651,0.9790740338482538,0.007994893376088968,0.0015278565381451462,0.0018348460052148097
full,LR,47,0.999948690320429,0.9979096159755427,0.002943986334764033,0.00044552124898675807,0.001875511873686887
full,LR,48,1.0,1.0,0.0025691323859034364,0.0002331651593776154,0.002425570958009626
full,LR,49,0.998937074829932,0.9896572104018913,0.0047207868930414084,0.0006058542573911308,0.002033655406168318
full,RF,0,1.0,0.9999999999999998,0.0016717480702746418,6.554060733436253e-05,0.0016373080059893016
full,RF,1,0.9856743374637625,0.9285706143640823,0.013865389253425757,0.0021274955454117033,0.0012024729182891763
full,RF,2,0.99902511608815,0.9897469105822677,0.005162663755476213,0.0005889596492043239,0.0020986672495204805
full,RF,3,1.0,1.0,0.0016301002345986753,6.419091488856369e-05,0.0015964821437884447
full,RF,4,0.9996963070942663,0.9860161390038045,0.005270303662528698,0.0012431655929623763,0.001296469651993508
full,RF,5,1.0,1.0,0.002069317936915693,0.0001212797312331639,0.002004570004772246
full,RF,6,0.9988198773698658,0.9705741726799921,0.007561249951534759,0.0013836383748519444,0.0007560295606667377
full,RF,7,1.0,1.0,0.00260355899179931,0.0002383518062220668,0.0024711385531628765
full,RF,8,0.999468537414966,0.9900377841502004,0.005679286238371548,0.0009907014793253323,0.0010707049267207345
full,RF,9,0.9870070051830256,0.9425769190449357,0.010008831868985461,0.0014357715613003933,0.0006190211228311586
full,RF,10,0.9975511030155839,0.9710228443463936,0.007625459673594675,0.0010673151495572157,0.0004632696196524125
full,RF,11,0.9930064906744658,0.9866128430274815,0.0047058904591966095,0.00046216551765416574,0.0014442033279595235
full,RF,12,0.9992406167423484,0.9705195852202049,0.0058241087996866595,0.0007930026732250376,0.0010443960756499494
full,RF,13,0.9997671687722709,0.9893173765421717,0.00423728388920697,0.0009354372363279431,0.0011696225183599443
full,RF,14,0.999807661159702,0.9913669364558008,0.003869645223897721,0.0007347204342630729,0.0013670198317396315
full,RF,15,0.9997368953653106,0.982928471125785,0.003457946769454138,0.0004671614813858876,0.0016459670741899993
full,RF,16,0.9998152851535443,0.9910221023732326,0.0035991114270917234,0.0006837380155077506,0.0008912177641526166
full,RF,17,0.9997639754739732,0.9864670315954442,0.0036750905506027732,0.0006857365440902336,0.000923461478552262
full,RF,18,0.9994331065759637,0.9674766949281287,0.005572708903645782,0.0007684707074801899,0.0008131683871038687
full,RF,19,0.9893707482993197,0.9642230432800046,0.010848962984320932,0.001436199776672943,0.002145561652524872
full,RF,20,0.9998583282736289,0.9933394351645155,0.00272426252155888,0.00038584108640780566,0.0012205205982850713
full,RF,21,0.9913491880243207,0.9696646509112793,0.010313693275499773,0.0013933215562418335,0.0020402575793319216
full,RF,22,0.9951768901203212,0.9578603188890282,0.007918222929601692,0.0014280843074162635,0.0010833008792686164
full,RF,23,1.0,1.0,0.0015443146425414582,5.9472227399853155e-05,0.001513115583538342
full,RF,24,0.9997874149659863,0.9887146204688642,0.003805712519015221,0.0006973183039215221,0.0015461890694804133
full,RF,25,0.9988666261890307,0.9784553886533858,0.005340443608936675,0.0007438532480262634,0.0008497360338021766
full,RF,26,0.9997998922496729,0.9891265925657793,0.003196180950801814,0.00045648617943196444,0.001640383900369015
full,RF,27,0.9996870109546167,0.9759453797104778,0.004499109836752582,0.0009411131153419163,0.0013337865922338874
full,RF,28,0.9994128603822482,0.978613681614069,0.0060445007404152365,0.001044640170107433,0.0002840819030248494
full,RF,29,0.9865818351149983,0.9736962604765972,0.007736896561319469,0.0008598928661743193,0.001800124505912191
full,RF,30,0.9992157458004453,0.984640805027529,0.005071940146714668,0.0007297369398128215,0.0005377149644396695
full,RF,31,0.9996459632109598,0.9781025234339823,0.004357856885836391,0.0007812521052968043,0.0014625797043416426
full,RF,32,0.9934169681110342,0.9854228855993726,0.005899914107041173,0.0009276627942096676,0.0014020943351477355
full,RF,33,0.9973933025591188,0.9695366537331849,0.006462980328821843,0.0010651547861695934,0.00036514207189594324
full,RF,34,0.9995596452866862,0.9924004192872116,0.003931536463581651,0.0004064026403910065,0.0010885041114222032
full,RF,35,0.9993017607771706,0.9816111734449859,0.005219896193610824,0.0007466358378387809,0.0008352288194069344
full,RF,36,0.9891531337386799,0.9739175147172744,0.007426854945785811,0.0008132572738455826,0.001543051909225816
full,RF,37,0.9997485825701018,0.9841335402467271,0.0028036934984388803,0.00038799261097557697,0.0010205169238829718
full,RF,38,0.9997317379332685,0.9868084919370941,0.005043443557397637,0.0012183824426367144,0.0013995802944046266
full,RF,39,0.9986789358600583,0.9795724237318176,0.005721943171383615,0.000807320206411134,0.0012888494917698194
full,RF,40,0.9993169398907104,0.990600640503666,0.005293298327893443,0.0007518775599443457,0.0012883661532837075
full,RF,41,0.9920521306344441,0.9696290192960381,0.005967845726404692,0.0007880302279123946,0.0009015412910537038
full,RF,42,0.9995536057877319,0.9905503143749872,0.0054097679689087885,0.0009316530303552992,0.0010586681333500537
full,RF,43,0.995070051830256,0.944447721820119,0.00828593825317189,0.0014083708578613947,0.000608020198906134
full,RF,44,1.0,0.9999999999999998,0.0018805701224962111,8.672717608526553e-05,0.0018345972707364108
full,RF,45,0.9923193685488769,0.9633726107801533,0.008706595142389466,0.0013377492709464246,0.0011343979773966683
full,RF,46,0.9985428051001821,0.9606098923899867,0.008971991898753823,0.001721036956573495,0.0011775050251901242
full,RF,47,0.9998409399933298,0.9921425792854872,0.0025346462991520467,0.0003619880147877705,0.000920690057280957
full,RF,48,1.0,1.0,0.002167279510202608,0.00014626491122399067,0.0020880019426089383
full,RF,49,0.9946499433106576,0.9869968507036707,0.005336528512634437,0.00058588557844349,0.0020952814087051895
full,ET,0,1.0,0.9999999999999998,0.0014943458662800637,3.521616114037656e-05,0.0014759932496639671
full,ET,1,0.9877575104543471,0.9438462566038979,0.013291206139694155,0.0020994287480445096,0.0012621378391427735
full,ET,2,0.9982554708945842,0.9883485829820773,0.004121581893935301,0.00040656023705098305,0.0011446330002203436
full,ET,3,1.0,0.9999999999999998,0.0014517525185005246,3.134262262457856e-05,0.0014354531684344439
full,ET,4,0.9998633381924197,0.9946410927492795,0.006474281135460261,0.0013510138751381634,0.0009086070351185277
full,ET,5,1.0,0.9999999999999998,0.0014683606790652649,3.50235126902256e-05,0.0014500728846379776
full,ET,6,0.9961363811282999,0.9662138835459066,0.007860153842268774,0.0013860342629659745,0.000860828317488175
full,ET,7,1.0,1.0,0.0014601221622204815,4.14140229260233e-05,0.0014382467821416381
full,ET,8,0.9977678571428571,0.980899283592068,0.007065352279380696,0.0010807431453139912,0.0006215570205124413
full,ET,9,0.992068553611921,0.9656052723230869,0.008951723020518125,0.00139711738733791,0.00030163347224739466
full,ET,10,0.9964733859542603,0.9675385728097802,0.007765273000392462,0.0010663184502264589,0.0003536111017353551
full,ET,11,0.9962851791990559,0.9871733545929665,0.004116853107969511,0.0004037216720786097,0.001103676341733082
full,ET,12,0.9978090766823162,0.9816683180237261,0.0051940812787750375,0.000719947602448992,0.0005503969093480748
full,ET,13,0.9998380304502754,0.9925963377758538,0.005353775131768361,0.0010205965850905775,0.0008882228485488468
full,ET,14,0.9998582766439911,0.9941873686122742,0.003706402035758054,0.0006867151625288173,0.000869691121371059
full,ET,15,0.9997773730014167,0.9873214585261227,0.0027697131187570706,0.00036421843867013486,0.0009400106302251965
full,ET,16,0.9998973806408579,0.9956579875554574,0.0035851019210073553,0.0006706059174668992,0.0008250264791741726
full,ET,17,0.9998819877369864,0.9950990188276654,0.0035832335185756584,0.0006752507640240712,0.0008346396603526044
full,ET,18,0.9985675817946227,0.9835487455570161,0.005169909463003556,0.0007218910313647644,0.0006216131923607129
full,ET,19,0.9931061710398444,0.9638402079905738,0.01161159885562761,0.001461901474376226,0.0018975376863422364
full,ET,20,0.9999848208864602,0.9994212218601648,0.0023333400708937576,0.00032990474985630894,0.001355346264874486
full,ET,21,0.9929910977705944,0.9632126226199165,0.011456832623214981,0.0014519296015075846,0.0018084010872274209
full,ET,22,0.9967623592190668,0.9589329698463175,0.007957928617249331,0.00139164577559431,0.0008186758436108781
full,ET,23,1.0,1.0,0.0014304123751208255,2.712134737558183e-05,0.0014164165957534025
full,ET,24,0.9997722303206995,0.9897246843325376,0.003876614619246264,0.0006944115265707558,0.0008476196509957092
full,ET,25,0.9978040882412468,0.9856223506560661,0.005013113886830324,0.0007048053398388223,0.000561225155325375
full,ET,26,0.9999846070961288,0.9994048012645513,0.0023147624341901788,0.0003343368808084053,0.0014236225439104762
full,ET,27,0.9997896303137587,0.9910345212206464,0.005667155524500129,0.0010406422286526537,0.0005134460030017302
full,ET,28,0.9973325639779721,0.9625350810956427,0.006863022114671641,0.0010780883258717602,0.0005956561098987614
full,ET,29,0.9917243683187561,0.9755388947878963,0.006663866800491689,0.0007456779479214384,0.0009804483492176388
full,ET,30,0.9983454766241653,0.9870447773978187,0.004972524236322482,0.0007058417381004504,0.0006122392944316059
full,ET,31,0.9996972728905308,0.9855377240182015,0.003999569499978083,0.0007067711581462573,0.0009051557053599365
full,ET,32,0.9956130223966752,0.9829321752555569,0.006859540685900101,0.001065175742428384,0.000551547984934369
full,ET,33,0.997585641399417,0.9722496347942926,0.006371198220175741,0.001040569201823565,0.0004569173349758429
full,ET,34,0.998015873015873,0.9882662835249041,0.004017636250359695,0.0003920139156877221,0.0010533697768540901
full,ET,35,0.9981430884436349,0.9857139955169846,0.005154116503229781,0.0007302370353340728,0.0007766529259693081
full,ET,36,0.9925087867826266,0.9754179825485837,0.006600969412379814,0.0007416567840425255,0.0009299900240206482
full,ET,37,0.9997639754739732,0.9858254867978284,0.0028548063185034247,0.0003741721092186985,0.0010629837862488826
full,ET,38,0.9998380304502754,0.9935287251306817,0.006612301156117235,0.001362428534903879,0.0008917779567350625
full,ET,39,0.9978387188208616,0.9860947499731555,0.005043278094324702,0.0007081999502452957,0.000654229651863857
full,ET,40,0.9980874316939891,0.9867496760796994,0.00497661567852314,0.0007051215364743282,0.0004983044522404273
full,ET,41,0.9953872598065625,0.9758850142892546,0.00529993692612175,0.000721489168817572,0.0005596208868525768
full,ET,42,0.9979219579773725,0.9823907389373667,0.006949686591458163,0.0010708037710253139,0.0005499694114352001
full,ET,43,0.9974388564949789,0.9809757589494499,0.007279061995700698,0.0013582433418375757,0.0008072382542541361
full,ET,44,1.0,0.9999999999999998,0.0015136434539311813,3.6023722937902275e-05,0.0014949420884131058
full,ET,45,0.9952792956891318,0.9565754293960811,0.00992151673733565,0.0014310822744496715,0.0009263318688583238
full,ET,46,0.9973216347263911,0.9689962237136094,0.009057366026519907,0.0017251335334647975,0.0012394036433917763
full,ET,47,0.9999692141922574,0.9987833363475025,0.002399345971682375,0.0003432929648138246,0.0009846126974249652
full,ET,48,1.0,0.9999999999999998,0.0014009742298423287,2.8977273631574353e-05,0.0013859148454335476
full,ET,49,0.997393302559119,0.987814688623888,0.004098649104292759,0.0004001855627468999,0.0010859506328995034
full,HGB,0,1.0,1.0,0.001766061038326515,0.00012234267673242273,0.00169403638033789
full,HGB,1,0.9939198029708305,0.9553937998190736,0.012106177578767986,0.0020422433555409045,0.0012608025610612791
full,HGB,2,0.9973678134380051,0.9876278217248698,0.004122485662208803,0.0004462264091851859,0.0011898578292500672
full,HGB,3,1.0,1.0,0.0019298168329689907,0.00010113553521767599,0.0018725069514821976
full,HGB,4,0.9996254454162617,0.982519124028826,0.006636598272074509,0.0012804089551755867,0.0010589122104860391
full,HGB,5,1.0,1.0,0.0019070213505036628,0.00012282317014448144,0.0018363699659272401
full,HGB,6,0.9931552887452217,0.9688083426674907,0.007383834499077909,0.001256738546531644,0.0010183296416976986
full,HGB,7,1.0,1.0,0.001592436890271791,6.370954649144287e-05,0.0015574265907633699
full,HGB,8,0.9967656705539358,0.9828677339592281,0.0077765571919213355,0.0013220072678030706,0.0011864983315107345
full,HGB,9,0.9961633462908973,0.9683046896394306,0.00872929566874679,0.001403475784373276,0.0005140765731704567
full,HGB,10,0.9972879983808947,0.9725456022655602,0.007559054509017363,0.0010772609659138233,0.00025619011160348687
full,HGB,11,0.9950075681777368,0.9868733473638769,0.004231053302694231,0.00045699925425688197,0.0011682338211611689
full,HGB,12,0.999173914158906,0.987433521452768,0.004891331476293614,0.0007161284267351991,0.0007624665875808038
full,HGB,13,0.9998329689018465,0.9929691069758888,0.005060325652843248,0.0009430886985925116,0.0008466561071094182
full,HGB,14,0.9998127227081308,0.9914758312261538,0.004160022387917001,0.0008124530384140758,0.0013154110551866919
full,HGB,15,0.9997874924104432,0.9882324501629212,0.00310157713054095,0.0004220174464874878,0.0011899165405708388
full,HGB,16,0.9999230354806434,0.9969315421479221,0.0035048143865840514,0.0006670462508072725,0.0011011163311598939
full,HGB,17,0.9999230354806434,0.9967878319547661,0.0031766619859507393,0.0006104201978369404,0.0013552717731805475
full,HGB,18,0.9996355685131195,0.9916776261593038,0.004778113040105152,0.0007363436846667574,0.0008401306975753427
full,HGB,19,0.9939463880790411,0.9661971075602522,0.011379855713182669,0.0015839903845837609,0.0019571862423805406
full,HGB,20,0.9998482088646024,0.9927151366235503,0.0030266733992221732,0.00042870736079864775,0.0013207719168884372
full,HGB,21,0.9959516662818441,0.9665156004053228,0.011141230997605887,0.0014955078746272698,0.0018305693343204938
full,HGB,22,0.9969675979373509,0.951570797796661,0.008371712130512592,0.0014893082091783222,0.0010670937681876345
full,HGB,23,1.0,1.0,0.0019025250756140005,0.00011757642881392571,0.0018347979717222905
full,HGB,24,0.9997671687722708,0.9892142467780245,0.0040658900798720195,0.0007134699499761174,0.001044833905815143
full,HGB,25,0.9976168791742562,0.9812739106250358,0.0052942064597600695,0.0007436340224031134,0.0007265547009616263
full,HGB,26,0.9998512019292439,0.9928054713666564,0.0030835742767920697,0.0004483493565920304,0.0012847418598717483
full,HGB,27,0.9999486903204289,0.997977874626548,0.004726725722653041,0.0009273595252198883,0.0010408526719302984
full,HGB,28,0.9996001376741173,0.9779956829642569,0.005710727541894384,0.000979126076494183,0.0008384497637198779
full,HGB,29,0.9934604794298671,0.9750066525469748,0.006933879199596443,0.000859079681063973,0.0012267413642756866
full,HGB,30,0.9960787290022264,0.9838514138957222,0.005411332565337429,0.0007904305434757813,0.0007844839643677346
full,HGB,31,0.999558736755689,0.973632481046601,0.004405807342155373,0.0007488151390429268,0.001236394060273884
full,HGB,32,0.9973267656943482,0.9818262130661515,0.007380961476207865,0.0011594472394339057,0.0006018434259282652
full,HGB,33,0.9948372206025267,0.9732458915348613,0.0067721595745849576,0.0011000811433566936,0.0008295265491159356
full,HGB,34,0.9996203838678328,0.9929138321995463,0.0037312751368632517,0.0003913073309293781,0.0011053369032509837
full,HGB,35,0.9978496255818661,0.9814643592142676,0.005341291208327048,0.0007606006907630595,0.000774342804539818
full,HGB,36,0.9936222068293183,0.9753815801956952,0.007404892422633005,0.0009501181908213266,0.0016796119775714141
full,HGB,37,0.9998255470894584,0.9910858008412131,0.0035434124256722645,0.0005856925174945127,0.0016103707913792172
full,HGB,38,0.9998633381924199,0.9945531025568242,0.005835378381488198,0.0012705095216062133,0.0010765006691965747
full,HGB,39,0.9982132734045999,0.9870932523520684,0.004796347383774422,0.0007150128819055792,0.0006121937999219136
full,HGB,40,0.9951932807124064,0.9870895846923244,0.004540326129851653,0.0006053345748288471,0.001323745583514971
full,HGB,41,0.9965468585648682,0.9762293401494978,0.005585442407441948,0.000834045847402429,0.0006811124376352234
full,HGB,42,0.9985581980040534,0.9818560808944782,0.00727184870395903,0.0011033649527927144,0.0006669509641482009
full,HGB,43,0.9941589731130547,0.9710185280146599,0.007890360397843571,0.0013904017859493318,0.0008770300947414861
full,HGB,44,1.0,1.0,0.0017548243684999737,0.00011246241677204654,0.0016893084578966807
full,HGB,45,0.9974043715846995,0.9637676010409526,0.010047193592455182,0.0015071748574079329,0.001043265770263078
full,HGB,46,0.9980091844326432,0.9750759545813559,0.008858352070497495,0.0017167429639579936,0.0011555569053108207
full,HGB,47,0.9998871187049437,0.9949069744332424,0.003018800413787763,0.00044655256970352385,0.0012954654712562879
full,HGB,48,1.0,1.0,0.0016705010176862672,7.274509175899149e-05,0.0016303965994477823
full,HGB,49,0.9969731940395206,0.987603648424544,0.004339687140939953,0.0004679215799851576,0.001363634304232922
full,MLP,0,0.9999392835458408,0.997749557622746,0.006200186791289356,0.0011733278314226207,0.003473460218157751
full,MLP,1,0.9942687087919135,0.95005814803779,0.016583076595035707,0.002853114523752273,0.0012457320441072765
full,MLP,2,0.99766027861156,0.9806050567564614,0.012354830119465771,0.0024723257332559564,0.004126574918828956
full,MLP,3,0.9999797538062843,0.9992515432098765,0.0065692546585189105,0.001026149106523221,0.002305764488107675
full,MLP,4,0.999514091350826,0.9764919333083562,0.013054929008113992,0.0024631468913909613,0.003267149052812642
full,MLP,5,0.9996508803885853,0.9920463990886526,0.009012883647599734,0.001508683078057805,0.002000925661453807
full,MLP,6,0.9957207727237743,0.9443883909867292,0.019813084273227866,0.0037089393210889467,0.002731445114946082
full,MLP,7,0.9999948690320429,0.9998043818466354,0.005675431483841587,0.0009985662235961813,0.003383906431691506
full,MLP,8,0.9972819484936832,0.9819712123624944,0.014256157870914195,0.002951195553009588,0.0020233730974477076
full,MLP,9,0.9961127308066083,0.9657115353432532,0.01009773536381365,0.0017586920915242216,0.001928145952892722
full,MLP,10,0.9962962962962962,0.9630249029063804,0.012739441666017712,0.001970938530863143,0.0023337672432278663
full,MLP,11,0.9993534980374048,0.9904913167751034,0.008261362756629009,0.001609036007289901,0.003550100990618537
full,MLP,12,0.998342697349855,0.9834042877007132,0.009507644506331103,0.0019008095409252899,0.003357367098532296
full,MLP,13,0.9997418610301263,0.988906840272789,0.01018762626317281,0.0024554989566856382,0.0034586536103762763
full,MLP,14,0.9996456916099773,0.9855341662218189,0.011233169295429293,0.0022077474358411643,0.0032146408354358164
full,MLP,15,0.9994788504351346,0.9762378782456447,0.014475481341472399,0.0029090731232910686,0.0037326973580775434
full,MLP,16,0.999661356114831,0.9873569966388546,0.012621951820090198,0.002484816060470932,0.0022266261443441675
full,MLP,17,0.9996870109546165,0.9852668996962968,0.009318089596959938,0.0015000255110464442,0.003923158718329479
full,MLP,18,0.9974034256559767,0.9868594124417966,0.006898460958634894,0.0012993106894714568,0.0029218132986375
full,MLP,19,0.9914712908973113,0.9644767673203793,0.01928125631719723,0.0033101103989917145,0.003027763878169452
full,MLP,20,0.9999443432503542,0.997748390335091,0.00524976837831073,0.0008799096258927255,0.003481002315096872
full,MLP,21,0.9855768490725775,0.9438106782033816,0.016909754580697635,0.002917037492087936,0.0017119478843154138
full,MLP,22,0.9993021883578337,0.9740704306943477,0.010717894463554862,0.0018412874623124637,0.0025473937065276413
full,MLP,23,0.9998937074829932,0.996278715424285,0.008022857792740971,0.0014577565562264674,0.003590821792272964
full,MLP,24,0.9997418610301263,0.9889457583160931,0.010494311410850395,0.0028260857747343803,0.005013175922779204
full,MLP,25,0.9989172232341631,0.9874621094975509,0.007427632963623113,0.0013002809500823852,0.0034470769116520996
full,MLP,26,0.9997896303137587,0.9918399066396704,0.009184083682206844,0.0017480121675340758,0.004576958920409056
full,MLP,27,0.9998819877369866,0.9952573970234149,0.007068021019490364,0.0013701359477763745,0.0024269118458176402
full,MLP,28,0.9966948088759313,0.9603383993504793,0.0163244177824575,0.003242415510919133,0.00339482106870972
full,MLP,29,0.9969428247489472,0.978193879116341,0.010112396027645009,0.001592659818333268,0.002157719000481219
full,MLP,30,0.9986035215543413,0.9776342187191628,0.012789224645916494,0.0024257251035651292,0.002416985894346068
full,MLP,31,0.9997793683778444,0.9903786876592984,0.009284913110907251,0.0022704863751583757,0.003095861758102679
full,MLP,32,0.9977885528104877,0.9794916223138845,0.011996842529936451,0.0026838316441858377,0.005799500033103818
full,MLP,33,0.9989573210236475,0.971223222305928,0.011350647380820707,0.0022143141037111627,0.003554753022037224
full,MLP,34,0.9983347505668934,0.9880367418388363,0.008900332331666382,0.0017455605284246293,0.0025202768170722234
full,MLP,35,0.9981380287391216,0.9870103766766315,0.007413078938796403,0.0015097751100460472,0.0032188451333295515
full,MLP,36,0.9955771056209753,0.9654386105965249,0.011894445580933565,0.002184144825754024,0.002809066879243014
full,MLP,37,0.9996049154673029,0.9746782992740065,0.0125173821258234,0.0024249642657050443,0.0032097278605269365
full,MLP,38,0.9996760609005506,0.985166417319974,0.010069408143537474,0.00206351687414079,0.003446754752568519
full,MLP,39,0.9979601959831552,0.9860624870160583,0.008713750706230592,0.0015281439881771539,0.003414088008477492
full,MLP,40,0.9981127302165553,0.9756818524918731,0.012202703401792659,0.0027175083644988976,0.004719318149575748
full,MLP,41,0.9987172580107236,0.9760683546211611,0.01154995367970889,0.002113555499430284,0.003909523412053657
full,MLP,42,0.9972805869827343,0.9820817648772182,0.014862612298815142,0.0031974653474023573,0.002387865787527589
full,MLP,43,0.9992559523809523,0.9790267344150179,0.012827594699065309,0.0021071366173387187,0.0018792237239501257
full,MLP,44,1.0,1.0,0.003161318333489351,0.00024312261862342806,0.0029861638992904195
full,MLP,45,0.9963468933414288,0.9643518125739763,0.014090014424976868,0.0026439593075811155,0.0034147633954502853
full,MLP,46,0.996875240514123,0.9741833741138007,0.012815243552306189,0.002402268641118428,0.003413006040395835
full,MLP,47,0.9998204161215014,0.9928287508736173,0.0071234042746398255,0.0011925627194497505,0.003231190496352852
full,MLP,48,0.9951307904114026,0.9813577740681734,0.010456077925876986,0.0021490851985905878,0.003706633003273807
full,MLP,49,0.999230644638808,0.9902270962276831,0.00793829849285608,0.0015651911497191673,0.002834315326986079
