{
  "task": "mimic_mortality",
  "envs": [
    "demo",
    "full"
  ],
  "ranking_stability": {
    "ref_env": "demo",
    "score": "auroc",
    "margin": 0.0,
    "global_flip_rate": 0.6,
    "preference_consistency": 0.4,
    "spearman_mean": -0.3
  },
  "args": {
    "task": "mimic_mortality",
    "mimic_demo": "demo_analytic_dataset_mortality_all_admissions.csv",
    "mimic_full": "full_analytic_dataset_mortality_all_admissions.csv",
    "synthetic": null,
    "nhanes": null,
    "target_col": "label_mortality",
    "id_col": null,
    "drop_cols": [],
    "synth_tg_col": null,
    "nhanes_tg_col": null,
    "label_mode": "nhanes_quantile_shared",
    "label_quantile": 0.75,
    "shared_threshold": null,
    "threshold_scan": null,
    "seed": 42,
    "cv_splits": 5,
    "cv_repeats": 10,
    "calibrate": true,
    "calibrate_method": "sigmoid",
    "calibrate_cv": 3,
    "rank_score": "auroc",
    "rank_margin": 0.0,
    "ref_env": null,
    "tau": 0.05,
    "kappa": 0.25,
    "outdir": "runs/icml_suite_mimic"
  }
}