target_env,selector,selected_model,auc_in_target,best_auc_in_target,winner_regret
MIMIC_DEMO,BaselineWinner@MIMIC_DEMO,ExtraTrees_800,1.0,1.0,0.0
MIMIC_DEMO,BaselineWinner@MIMIC_FULL,MLP_256x128,0.4790436005625879,1.0,0.5209563994374121
MIMIC_DEMO,StableMergeWinner,LogReg_L2,0.9718706047819972,1.0,0.02812939521800284
MIMIC_FULL,BaselineWinner@MIMIC_DEMO,ExtraTrees_800,0.9971753574413464,0.9985283443324159,0.001352986891069441
MIMIC_FULL,BaselineWinner@MIMIC_FULL,MLP_256x128,0.9985283443324159,0.9985283443324159,0.0
MIMIC_FULL,StableMergeWinner,LogReg_L2,0.9968944605089445,0.9985283443324159,0.0016338838234714048
