{
  "task": "tg_high_response",
  "mimic_demo": null,
  "mimic_full": null,
  "synthetic": "Synthetic_Dataset_1500_Patients_precise.csv",
  "nhanes": "nhanes_rsce_dataset_clean.csv",
  "target_col": null,
  "id_col": null,
  "drop_cols": [],
  "synth_tg_col": null,
  "nhanes_tg_col": null,
  "label_mode": "cdf_match",
  "label_quantile": 0.75,
  "shared_threshold": null,
  "threshold_scan": null,
  "seed": 42,
  "cv_splits": 5,
  "cv_repeats": 10,
  "calibrate": true,
  "calibrate_method": "sigmoid",
  "calibrate_cv": 3,
  "rank_score": "auroc",
  "rank_margin": 0.0,
  "ref_env": null,
  "tau": 0.05,
  "kappa": 0.25,
  "outdir": "runs/icml_suite_tg_cdfmatch"
}